metric,mean,median,p2_5,p97_5,annual_pumping_kwh,annual_heat_mwh
lcoh_eur_per_mwh,4.002168664915056,4.002151675080642,4.001733594338772,4.002710512827542,285.88493147667117,13080257.216262348
co2_kg_per_mwh,7.691286881017336e-06,7.649483901795879e-06,6.318104364816537e-06,9.300796890230482e-06,285.88493147667117,13080257.216262348
