dn,d_inner_m,d_outer_m,u_wpermk,w_loss_w_per_m,cost_eur_per_m,wall_thickness_m
25.0,0.023,0.027,0.035,12.0,80.0,0.002
32.0,0.03,0.034,0.04,14.0,120.0,0.0020000000000000018
40.0,0.038,0.042,0.035,16.0,150.0,0.0020000000000000018
50.0,0.048,0.052,0.035,18.0,180.0,0.0019999999999999983
65.0,0.063,0.067,0.035,22.0,220.0,0.0020000000000000018
80.0,0.078,0.082,0.035,26.0,280.0,0.0020000000000000018
100.0,0.098,0.102,0.035,32.0,350.0,0.001999999999999995
